extension,mime_type
pyc,application/x-bytecode.python
dwg,application/acad
ez,application/andrew-inset
aw,application/applixware
arj,application/arj
atom,application/atom+xml
xml,application/atom+xml
atomcat,application/atomcat+xml
atomsvc,application/atomsvc+xml
mm,application/base64
mme,application/base64
hqx,application/binhex
hqx,application/binhex4
boo,application/book
book,application/book
ccxml,application/ccxml+xml
cdf,application/cdf
cdmia,application/cdmi-capability
cdmic,application/cdmi-container
cdmid,application/cdmi-domain
cdmio,application/cdmi-object
cdmiq,application/cdmi-queue
ccad,application/clariscad
dp,application/commonground
cu,application/cu-seeme
csm,application/cu-seeme
davmount,application/davmount+xml
dbk,application/docbook+xml
drw,application/drafting
tsp,application/dsptype
dssc,application/dssc+der
xdssc,application/dssc+xml
dxf,application/dxf
es,application/ecmascript
ecma,application/ecmascript
js,application/ecmascript
emma,application/emma+xml
evy,application/envoy
epub,application/epub+zip
xl,application/excel
xla,application/excel
xlb,application/excel
xlc,application/excel
xld,application/excel
xlk,application/excel
xll,application/excel
xlm,application/excel
xls,application/excel
xlt,application/excel
xlv,application/excel
xlw,application/excel
exi,application/exi
pfr,application/font-tdpfr
woff,application/font-woff
fif,application/fractals
frl,application/freeloader
spl,application/futuresplash
gml,application/gml+xml
tgz,application/gnutar
gpx,application/gpx+xml
vew,application/groupwise
gxf,application/gxf
hlp,application/hlp
hta,application/hta
stk,application/hyperstudio
unv,application/i-deas
iges,application/iges
igs,application/iges
inf,application/inf
ink,application/inkml+xml
inkml,application/inkml+xml
acx,application/internet-property-stream
ipfix,application/ipfix
class,application/java
jar,application/java-archive
class,application/java-byte-code
ser,application/java-serialized-object
class,application/java-vm
js,application/javascript
json,application/json
jsonml,application/jsonml+json
lha,application/lha
lostxml,application/lost+xml
lzx,application/lzx
bin,application/mac-binary
hqx,application/mac-binhex
hqx,application/mac-binhex40
cpt,application/mac-compactpro
bin,application/macbinary
mads,application/mads+xml
mrc,application/marc
mrcx,application/marcxml+xml
ma,application/mathematica
nb,application/mathematica
mb,application/mathematica
mathml,application/mathml+xml
mbd,application/mbedlet
mbox,application/mbox
mcd,application/mcad
mscml,application/mediaservercontrol+xml
metalink,application/metalink+xml
meta4,application/metalink4+xml
mets,application/mets+xml
aps,application/mime
mods,application/mods+xml
m21,application/mp21
mp21,application/mp21
mp4,application/mp4
m4p,application/mp4
mp4s,application/mp4
mdb,application/msaccess
one,application/msonenote
onetoc2,application/msonenote
onetmp,application/msonenote
onepkg,application/msonenote
pot,application/mspowerpoint
pps,application/mspowerpoint
ppt,application/mspowerpoint
ppz,application/mspowerpoint
doc,application/msword
dot,application/msword
w6w,application/msword
wiz,application/msword
word,application/msword
wri,application/mswrite
mxf,application/mxf
mcp,application/netmc
bin,application/octet-stream
dms,application/octet-stream
lrf,application/octet-stream
mar,application/octet-stream
so,application/octet-stream
dist,application/octet-stream
distz,application/octet-stream
pkg,application/octet-stream
bpk,application/octet-stream
dump,application/octet-stream
elc,application/octet-stream
a,application/octet-stream
arc,application/octet-stream
arj,application/octet-stream
com,application/octet-stream
exe,application/octet-stream
lha,application/octet-stream
lhx,application/octet-stream
lzh,application/octet-stream
lzx,application/octet-stream
o,application/octet-stream
psd,application/octet-stream
saveme,application/octet-stream
uu,application/octet-stream
zoo,application/octet-stream
class,application/octet-stream
buffer,application/octet-stream
deploy,application/octet-stream
hqx,application/octet-stream
obj,application/octet-stream
lib,application/octet-stream
zip,application/octet-stream
gz,application/octet-stream
dmg,application/octet-stream
iso,application/octet-stream
oda,application/oda
opf,application/oebps-package+xml
ogx,application/ogg
ogg,application/ogg
axs,application/olescript
omdoc,application/omdoc+xml
onetoc,application/onenote
onetoc2,application/onenote
onetmp,application/onenote
onepkg,application/onenote
oxps,application/oxps
xer,application/patch-ops-error+xml
pdf,application/pdf
pgp,application/pgp-encrypted
key,application/pgp-keys
asc,application/pgp-signature
pgp,application/pgp-signature
sig,application/pgp-signature
prf,application/pics-rules
p12,application/pkcs-12
crl,application/pkcs-crl
p10,application/pkcs10
p7m,application/pkcs7-mime
p7c,application/pkcs7-mime
p7s,application/pkcs7-signature
p8,application/pkcs8
ac,application/pkix-attr-cert
cer,application/pkix-cert
crt,application/pkix-cert
crl,application/pkix-crl
pkipath,application/pkix-pkipath
pki,application/pkixcmp
text,application/plain
pls,application/pls+xml
ai,application/postscript
eps,application/postscript
ps,application/postscript
ppt,application/powerpoint
part,application/pro_eng
prt,application/pro_eng
cww,application/prs.cww
pskcxml,application/pskc+xml
rar,application/rar
rdf,application/rdf+xml
rif,application/reginfo+xml
rnc,application/relax-ng-compact-syntax
rl,application/resource-lists+xml
rld,application/resource-lists-diff+xml
rng,application/ringing-tones
rs,application/rls-services+xml
gbr,application/rpki-ghostbusters
mft,application/rpki-manifest
roa,application/rpki-roa
rsd,application/rsd+xml
rss,application/rss+xml
xml,application/rss+xml
rtf,application/rtf
rtx,application/rtf
sbml,application/sbml+xml
scq,application/scvp-cv-request
scs,application/scvp-cv-response
spq,application/scvp-vp-request
spp,application/scvp-vp-response
sdp,application/sdp
sea,application/sea
set,application/set
setpay,application/set-payment-initiation
setreg,application/set-registration-initiation
shf,application/shf+xml
stl,application/sla
smi,application/smil
smil,application/smil
smi,application/smil+xml
smil,application/smil+xml
sol,application/solids
sdr,application/sounder
rq,application/sparql-query
srx,application/sparql-results+xml
gram,application/srgs
grxml,application/srgs+xml
sru,application/sru+xml
ssdl,application/ssdl+xml
ssml,application/ssml+xml
step,application/step
stp,application/step
ssm,application/streamingmedia
tei,application/tei+xml
teicorpus,application/tei+xml
tfi,application/thraud+xml
tsd,application/timestamped-data
tbk,application/toolbook
vda,application/vda
plb,application/vnd.3gpp.pic-bw-large
psb,application/vnd.3gpp.pic-bw-small
pvb,application/vnd.3gpp.pic-bw-var
tcap,application/vnd.3gpp2.tcap
pwn,application/vnd.3m.post-it-notes
aso,application/vnd.accpac.simply.aso
imp,application/vnd.accpac.simply.imp
acu,application/vnd.acucobol
atc,application/vnd.acucorp
acutc,application/vnd.acucorp
air,application/vnd.adobe.air-application-installer-package+zip
fcdt,application/vnd.adobe.formscentral.fcdt
fxp,application/vnd.adobe.fxp
fxpl,application/vnd.adobe.fxp
xdp,application/vnd.adobe.xdp+xml
xfdf,application/vnd.adobe.xfdf
ahead,application/vnd.ahead.space
azf,application/vnd.airzip.filesecure.azf
azs,application/vnd.airzip.filesecure.azs
azw,application/vnd.amazon.ebook
acc,application/vnd.americandynamics.acc
ami,application/vnd.amiga.ami
apk,application/vnd.android.package-archive
cii,application/vnd.anser-web-certificate-issue-initiation
fti,application/vnd.anser-web-funds-transfer-initiation
atx,application/vnd.antix.game-component
mpkg,application/vnd.apple.installer+xml
m3u8,application/vnd.apple.mpegurl
swi,application/vnd.arastra.swi
swi,application/vnd.aristanetworks.swi
iota,application/vnd.astraea-software.iota
aep,application/vnd.audiograph
mpm,application/vnd.blueice.multipass
bmi,application/vnd.bmi
rep,application/vnd.businessobjects
cdxml,application/vnd.chemdraw+xml
mmd,application/vnd.chipnuts.karaoke-mmd
cdy,application/vnd.cinderella
cla,application/vnd.claymore
rp9,application/vnd.cloanto.rp9
c4g,application/vnd.clonk.c4group
c4d,application/vnd.clonk.c4group
c4f,application/vnd.clonk.c4group
c4p,application/vnd.clonk.c4group
c4u,application/vnd.clonk.c4group
c11amc,application/vnd.cluetrust.cartomobile-config
c11amz,application/vnd.cluetrust.cartomobile-config-pkg
csp,application/vnd.commonspace
cdbcmsg,application/vnd.contact.cmsg
cmc,application/vnd.cosmocaller
clkx,application/vnd.crick.clicker
clkk,application/vnd.crick.clicker.keyboard
clkp,application/vnd.crick.clicker.palette
clkt,application/vnd.crick.clicker.template
clkw,application/vnd.crick.clicker.wordbank
wbs,application/vnd.criticaltools.wbs+xml
pml,application/vnd.ctc-posml
ppd,application/vnd.cups-ppd
car,application/vnd.curl.car
pcurl,application/vnd.curl.pcurl
dart,application/vnd.dart
rdz,application/vnd.data-vision.rdz
uvf,application/vnd.dece.data
uvvf,application/vnd.dece.data
uvd,application/vnd.dece.data
uvvd,application/vnd.dece.data
uvt,application/vnd.dece.ttml+xml
uvvt,application/vnd.dece.ttml+xml
uvx,application/vnd.dece.unspecified
uvvx,application/vnd.dece.unspecified
uvz,application/vnd.dece.zip
uvvz,application/vnd.dece.zip
fe_launch,application/vnd.denovo.fcselayout-link
dna,application/vnd.dna
mlp,application/vnd.dolby.mlp
dpg,application/vnd.dpgraph
dfac,application/vnd.dreamfactory
kpxx,application/vnd.ds-keypoint
ait,application/vnd.dvb.ait
svc,application/vnd.dvb.service
geo,application/vnd.dynageo
mag,application/vnd.ecowin.chart
nml,application/vnd.enliven
esf,application/vnd.epson.esf
msf,application/vnd.epson.msf
qam,application/vnd.epson.quickanime
slt,application/vnd.epson.salt
ssf,application/vnd.epson.ssf
es3,application/vnd.eszigno3+xml
et3,application/vnd.eszigno3+xml
ez2,application/vnd.ezpix-album
ez3,application/vnd.ezpix-package
fdf,application/vnd.fdf
mseed,application/vnd.fdsn.mseed
seed,application/vnd.fdsn.seed
dataless,application/vnd.fdsn.seed
gph,application/vnd.flographit
ftc,application/vnd.fluxtime.clip
fm,application/vnd.framemaker
frame,application/vnd.framemaker
maker,application/vnd.framemaker
book,application/vnd.framemaker
fnc,application/vnd.frogans.fnc
ltf,application/vnd.frogans.ltf
fsc,application/vnd.fsc.weblaunch
oas,application/vnd.fujitsu.oasys
oa2,application/vnd.fujitsu.oasys2
oa3,application/vnd.fujitsu.oasys3
fg5,application/vnd.fujitsu.oasysgp
bh2,application/vnd.fujitsu.oasysprs
ddd,application/vnd.fujixerox.ddd
xdw,application/vnd.fujixerox.docuworks
xbd,application/vnd.fujixerox.docuworks.binder
fzs,application/vnd.fuzzysheet
txd,application/vnd.genomatix.tuxedo
ggb,application/vnd.geogebra.file
ggt,application/vnd.geogebra.tool
gex,application/vnd.geometry-explorer
gre,application/vnd.geometry-explorer
gxt,application/vnd.geonext
g2w,application/vnd.geoplan
g3w,application/vnd.geospace
gmx,application/vnd.gmx
kml,application/vnd.google-earth.kml+xml
kmz,application/vnd.google-earth.kmz
gqf,application/vnd.grafeq
gqs,application/vnd.grafeq
gac,application/vnd.groove-account
ghf,application/vnd.groove-help
gim,application/vnd.groove-identity-message
grv,application/vnd.groove-injector
gtm,application/vnd.groove-tool-message
tpl,application/vnd.groove-tool-template
vcg,application/vnd.groove-vcard
hal,application/vnd.hal+xml
zmm,application/vnd.handheld-entertainment+xml
hbci,application/vnd.hbci
les,application/vnd.hhe.lesson-player
hgl,application/vnd.hp-hpgl
hpg,application/vnd.hp-hpgl
hpgl,application/vnd.hp-hpgl
hpid,application/vnd.hp-hpid
hps,application/vnd.hp-hps
jlt,application/vnd.hp-jlyt
pcl,application/vnd.hp-pcl
pclxl,application/vnd.hp-pclxl
sfd-hdstx,application/vnd.hydrostatix.sof-data
x3d,application/vnd.hzn-3d-crossword
mpy,application/vnd.ibm.minipay
afp,application/vnd.ibm.modcap
listafp,application/vnd.ibm.modcap
list3820,application/vnd.ibm.modcap
irm,application/vnd.ibm.rights-management
sc,application/vnd.ibm.secure-container
icc,application/vnd.iccprofile
icm,application/vnd.iccprofile
igl,application/vnd.igloader
ivp,application/vnd.immervision-ivp
ivu,application/vnd.immervision-ivu
igm,application/vnd.insors.igm
xpw,application/vnd.intercon.formnet
xpx,application/vnd.intercon.formnet
i2g,application/vnd.intergeo
qbo,application/vnd.intu.qbo
qfx,application/vnd.intu.qfx
rcprofile,application/vnd.ipunplugged.rcprofile
irp,application/vnd.irepository.package+xml
xpr,application/vnd.is-xpr
fcs,application/vnd.isac.fcs
jam,application/vnd.jam
rms,application/vnd.jcp.javame.midlet-rms
jisp,application/vnd.jisp
joda,application/vnd.joost.joda-archive
ktz,application/vnd.kahootz
ktr,application/vnd.kahootz
karbon,application/vnd.kde.karbon
chrt,application/vnd.kde.kchart
kfo,application/vnd.kde.kformula
flw,application/vnd.kde.kivio
kon,application/vnd.kde.kontour
kpr,application/vnd.kde.kpresenter
kpt,application/vnd.kde.kpresenter
ksp,application/vnd.kde.kspread
kwd,application/vnd.kde.kword
kwt,application/vnd.kde.kword
htke,application/vnd.kenameaapp
kia,application/vnd.kidspiration
kne,application/vnd.kinar
knp,application/vnd.kinar
skp,application/vnd.koan
skd,application/vnd.koan
skt,application/vnd.koan
skm,application/vnd.koan
sse,application/vnd.kodak-descriptor
lasxml,application/vnd.las.las+xml
lbd,application/vnd.llamagraphics.life-balance.desktop
lbe,application/vnd.llamagraphics.life-balance.exchange+xml
123,application/vnd.lotus-1-2-3
apr,application/vnd.lotus-approach
pre,application/vnd.lotus-freelance
nsf,application/vnd.lotus-notes
org,application/vnd.lotus-organizer
scm,application/vnd.lotus-screencam
lwp,application/vnd.lotus-wordpro
portpkg,application/vnd.macports.portpkg
mcd,application/vnd.mcd
mc1,application/vnd.medcalcdata
cdkey,application/vnd.mediastation.cdkey
mwf,application/vnd.mfer
mfm,application/vnd.mfmp
flo,application/vnd.micrografx.flo
igx,application/vnd.micrografx.igx
mif,application/vnd.mif
daf,application/vnd.mobius.daf
dis,application/vnd.mobius.dis
mbk,application/vnd.mobius.mbk
mqy,application/vnd.mobius.mqy
msl,application/vnd.mobius.msl
plc,application/vnd.mobius.plc
txf,application/vnd.mobius.txf
mpn,application/vnd.mophun.application
mpc,application/vnd.mophun.certificate
xul,application/vnd.mozilla.xul+xml
cil,application/vnd.ms-artgalry
cab,application/vnd.ms-cab-compressed
xls,application/vnd.ms-excel
xlm,application/vnd.ms-excel
xla,application/vnd.ms-excel
xlc,application/vnd.ms-excel
xlt,application/vnd.ms-excel
xlb,application/vnd.ms-excel
xll,application/vnd.ms-excel
xlw,application/vnd.ms-excel
xlam,application/vnd.ms-excel.addin.macroEnabled.12
xlam,application/vnd.ms-excel.addin.macroenabled.12
xlsb,application/vnd.ms-excel.sheet.binary.macroEnabled.12
xlsb,application/vnd.ms-excel.sheet.binary.macroenabled.12
xlsm,application/vnd.ms-excel.sheet.macroEnabled.12
xlsm,application/vnd.ms-excel.sheet.macroenabled.12
xltm,application/vnd.ms-excel.template.macroEnabled.12
xltm,application/vnd.ms-excel.template.macroenabled.12
eot,application/vnd.ms-fontobject
chm,application/vnd.ms-htmlhelp
ims,application/vnd.ms-ims
lrm,application/vnd.ms-lrm
thmx,application/vnd.ms-officetheme
msg,application/vnd.ms-outlook
sst,application/vnd.ms-pki.certstore
pko,application/vnd.ms-pki.pko
cat,application/vnd.ms-pki.seccat
stl,application/vnd.ms-pki.stl
sst,application/vnd.ms-pkicertstore
cat,application/vnd.ms-pkiseccat
stl,application/vnd.ms-pkistl
ppt,application/vnd.ms-powerpoint
pps,application/vnd.ms-powerpoint
pot,application/vnd.ms-powerpoint
ppa,application/vnd.ms-powerpoint
pwz,application/vnd.ms-powerpoint
ppam,application/vnd.ms-powerpoint.addin.macroEnabled.12
ppam,application/vnd.ms-powerpoint.addin.macroenabled.12
pptm,application/vnd.ms-powerpoint.presentation.macroEnabled.12
potm,application/vnd.ms-powerpoint.presentation.macroEnabled.12
pptm,application/vnd.ms-powerpoint.presentation.macroenabled.12
potm,application/vnd.ms-powerpoint.presentation.macroenabled.12
sldm,application/vnd.ms-powerpoint.slide.macroEnabled.12
sldm,application/vnd.ms-powerpoint.slide.macroenabled.12
ppsm,application/vnd.ms-powerpoint.slideshow.macroEnabled.12
ppsm,application/vnd.ms-powerpoint.slideshow.macroenabled.12
potm,application/vnd.ms-powerpoint.template.macroEnabled.12
potm,application/vnd.ms-powerpoint.template.macroenabled.12
mpp,application/vnd.ms-project
mpt,application/vnd.ms-project
docm,application/vnd.ms-word.document.macroEnabled.12
docm,application/vnd.ms-word.document.macroenabled.12
dotm,application/vnd.ms-word.template.macroEnabled.12
dotm,application/vnd.ms-word.template.macroenabled.12
wps,application/vnd.ms-works
wks,application/vnd.ms-works
wcm,application/vnd.ms-works
wdb,application/vnd.ms-works
wpl,application/vnd.ms-wpl
xps,application/vnd.ms-xpsdocument
mseq,application/vnd.mseq
mus,application/vnd.musician
msty,application/vnd.muvee.style
taglet,application/vnd.mynfc
nlu,application/vnd.neurolanguage.nlu
ntf,application/vnd.nitf
nitf,application/vnd.nitf
nnd,application/vnd.noblenet-directory
nns,application/vnd.noblenet-sealer
nnw,application/vnd.noblenet-web
ncm,application/vnd.nokia.configuration-message
ngdat,application/vnd.nokia.n-gage.data
n-gage,application/vnd.nokia.n-gage.symbian.install
rpst,application/vnd.nokia.radio-preset
rpss,application/vnd.nokia.radio-presets
rng,application/vnd.nokia.ringing-tone
edm,application/vnd.novadigm.EDM
edx,application/vnd.novadigm.EDX
ext,application/vnd.novadigm.EXT
edm,application/vnd.novadigm.edm
edx,application/vnd.novadigm.edx
ext,application/vnd.novadigm.ext
odc,application/vnd.oasis.opendocument.chart
otc,application/vnd.oasis.opendocument.chart-template
odb,application/vnd.oasis.opendocument.database
odf,application/vnd.oasis.opendocument.formula
odft,application/vnd.oasis.opendocument.formula-template
odg,application/vnd.oasis.opendocument.graphics
otg,application/vnd.oasis.opendocument.graphics-template
odi,application/vnd.oasis.opendocument.image
oti,application/vnd.oasis.opendocument.image-template
odp,application/vnd.oasis.opendocument.presentation
otp,application/vnd.oasis.opendocument.presentation-template
ods,application/vnd.oasis.opendocument.spreadsheet
ots,application/vnd.oasis.opendocument.spreadsheet-template
odt,application/vnd.oasis.opendocument.text
odm,application/vnd.oasis.opendocument.text-master
otm,application/vnd.oasis.opendocument.text-master
ott,application/vnd.oasis.opendocument.text-template
oth,application/vnd.oasis.opendocument.text-web
xo,application/vnd.olpc-sugar
dd2,application/vnd.oma.dd2+xml
oxt,application/vnd.openofficeorg.extension
pptx,application/vnd.openxmlformats-officedocument.presentationml.presentation
sldx,application/vnd.openxmlformats-officedocument.presentationml.slide
ppsx,application/vnd.openxmlformats-officedocument.presentationml.slideshow
potx,application/vnd.openxmlformats-officedocument.presentationml.template
xlsx,application/vnd.openxmlformats-officedocument.spreadsheetml.sheet
xltx,application/vnd.openxmlformats-officedocument.spreadsheetml.template
docx,application/vnd.openxmlformats-officedocument.wordprocessingml.document
dotx,application/vnd.openxmlformats-officedocument.wordprocessingml.template
mgp,application/vnd.osgeo.mapguide.package
dp,application/vnd.osgi.dp
esa,application/vnd.osgi.subsystem
pdb,application/vnd.palm
pqa,application/vnd.palm
oprc,application/vnd.palm
paw,application/vnd.pawaafile
str,application/vnd.pg.format
ei6,application/vnd.pg.osasli
efif,application/vnd.picsel
wg,application/vnd.pmi.widget
plf,application/vnd.pocketlearn
pbd,application/vnd.powerbuilder6
box,application/vnd.previewsystems.box
mgz,application/vnd.proteus.magazine
qps,application/vnd.publishare-delta-tree
ptid,application/vnd.pvi.ptid1
qxd,application/vnd.quark.quarkxpress
qxt,application/vnd.quark.quarkxpress
qwd,application/vnd.quark.quarkxpress
qwt,application/vnd.quark.quarkxpress
qxl,application/vnd.quark.quarkxpress
qxb,application/vnd.quark.quarkxpress
bed,application/vnd.realvnc.bed
mxl,application/vnd.recordare.musicxml
musicxml,application/vnd.recordare.musicxml+xml
cryptonote,application/vnd.rig.cryptonote
cod,application/vnd.rim.cod
rm,application/vnd.rn-realmedia
rmvb,application/vnd.rn-realmedia-vbr
rnx,application/vnd.rn-realplayer
link66,application/vnd.route66.link66+xml
st,application/vnd.sailingtracker.track
see,application/vnd.seemail
sema,application/vnd.sema
semd,application/vnd.semd
semf,application/vnd.semf
ifm,application/vnd.shana.informed.formdata
itp,application/vnd.shana.informed.formtemplate
iif,application/vnd.shana.informed.interchange
ipk,application/vnd.shana.informed.package
twd,application/vnd.simtech-mindmapper
twds,application/vnd.simtech-mindmapper
mmf,application/vnd.smaf
teacher,application/vnd.smart.teacher
sdkm,application/vnd.solent.sdkm+xml
sdkd,application/vnd.solent.sdkm+xml
dxp,application/vnd.spotfire.dxp
sfs,application/vnd.spotfire.sfs
sdc,application/vnd.stardivision.calc
sda,application/vnd.stardivision.draw
sdd,application/vnd.stardivision.impress
sdp,application/vnd.stardivision.impress
smf,application/vnd.stardivision.math
sdw,application/vnd.stardivision.writer
vor,application/vnd.stardivision.writer
sgl,application/vnd.stardivision.writer-global
smzip,application/vnd.stepmania.package
sm,application/vnd.stepmania.stepchart
sxc,application/vnd.sun.xml.calc
stc,application/vnd.sun.xml.calc.template
sxd,application/vnd.sun.xml.draw
std,application/vnd.sun.xml.draw.template
sxi,application/vnd.sun.xml.impress
sti,application/vnd.sun.xml.impress.template
sxm,application/vnd.sun.xml.math
sxw,application/vnd.sun.xml.writer
sxg,application/vnd.sun.xml.writer.global
stw,application/vnd.sun.xml.writer.template
sus,application/vnd.sus-calendar
susp,application/vnd.sus-calendar
svd,application/vnd.svd
sis,application/vnd.symbian.install
sisx,application/vnd.symbian.install
xsm,application/vnd.syncml+xml
bdm,application/vnd.syncml.dm+wbxml
xdm,application/vnd.syncml.dm+xml
tao,application/vnd.tao.intent-module-archive
pcap,application/vnd.tcpdump.pcap
cap,application/vnd.tcpdump.pcap
dmp,application/vnd.tcpdump.pcap
tmo,application/vnd.tmobile-livetv
tpt,application/vnd.trid.tpt
mxs,application/vnd.triscape.mxs
tra,application/vnd.trueapp
ufd,application/vnd.ufdl
ufdl,application/vnd.ufdl
utz,application/vnd.uiq.theme
umj,application/vnd.umajin
unityweb,application/vnd.unity
uoml,application/vnd.uoml+xml
vcx,application/vnd.vcx
vsd,application/vnd.visio
vst,application/vnd.visio
vss,application/vnd.visio
vsw,application/vnd.visio
vis,application/vnd.visionary
vsf,application/vnd.vsf
sic,application/vnd.wap.sic
slc,application/vnd.wap.slc
wbxml,application/vnd.wap.wbxml
wmlc,application/vnd.wap.wmlc
wmlsc,application/vnd.wap.wmlscriptc
wtb,application/vnd.webturbo
nbp,application/vnd.wolfram.player
wpd,application/vnd.wordperfect
wqd,application/vnd.wqd
stf,application/vnd.wt.stf
xar,application/vnd.xara
web,application/vnd.xara
xfdl,application/vnd.xfdl
hvd,application/vnd.yamaha.hv-dic
hvs,application/vnd.yamaha.hv-script
hvp,application/vnd.yamaha.hv-voice
osf,application/vnd.yamaha.openscoreformat
osfpvg,application/vnd.yamaha.openscoreformat.osfpvg+xml
saf,application/vnd.yamaha.smaf-audio
spf,application/vnd.yamaha.smaf-phrase
cmp,application/vnd.yellowriver-custom-menu
zir,application/vnd.zul
zirz,application/vnd.zul
zaz,application/vnd.zzazz.deck+xml
vmd,application/vocaltec-media-desc
vmf,application/vocaltec-media-file
vxml,application/voicexml+xml
wgt,application/widget
hlp,application/winhlp
wp,application/wordperfect
wp5,application/wordperfect
wp6,application/wordperfect
wpd,application/wordperfect
wp5,application/wordperfect5.1
w60,application/wordperfect6.0
wp5,application/wordperfect6.0
w61,application/wordperfect6.1
wsdl,application/wsdl+xml
wspolicy,application/wspolicy+xml
wk1,application/x-123
wk,application/x-123
7z,application/x-7z-compressed
abw,application/x-abiword
ace,application/x-ace-compressed
aim,application/x-aim
dmg,application/x-apple-diskimage
aab,application/x-authorware-bin
x32,application/x-authorware-bin
u32,application/x-authorware-bin
vox,application/x-authorware-bin
aam,application/x-authorware-map
aas,application/x-authorware-seg
bcpio,application/x-bcpio
bin,application/x-binary
hqx,application/x-binhex40
torrent,application/x-bittorrent
blb,application/x-blorb
blorb,application/x-blorb
bsh,application/x-bsh
sh,application/x-bsh
shar,application/x-bsh
elc,application/x-bytecode.elisp
elc,application/x-bytecode.elisp(compiledelisp)
bz,application/x-bzip
bz2,application/x-bzip2
boz,application/x-bzip2
cbr,application/x-cbr
cba,application/x-cbr
cbt,application/x-cbr
cbz,application/x-cbr
cb7,application/x-cbr
cdf,application/x-cdf
vcd,application/x-cdlink
cfs,application/x-cfs-compressed
chat,application/x-chat
cha,application/x-chat
pgn,application/x-chess-pgn
chm,application/x-chm
crx,application/x-chrome-extension
ras,application/x-cmu-raster
cco,application/x-cocoa
cpt,application/x-compactpro
z,application/x-compress
gz,application/x-compressed
tgz,application/x-compressed
z,application/x-compressed
zip,application/x-compressed
nsc,application/x-conference
cpio,application/x-cpio
cpt,application/x-cpt
csh,application/x-csh
deb,application/x-debian-package
udeb,application/x-debian-package
deepv,application/x-deepv
dgc,application/x-dgc-compressed
dir,application/x-director
dcr,application/x-director
dxr,application/x-director
cst,application/x-director
cct,application/x-director
cxt,application/x-director
w3d,application/x-director
fgd,application/x-director
swa,application/x-director
dms,application/x-dms
wad,application/x-doom
ncx,application/x-dtbncx+xml
dtb,application/x-dtbook+xml
res,application/x-dtbresource+xml
dvi,application/x-dvi
elc,application/x-elc
env,application/x-envoy
evy,application/x-envoy
es,application/x-esrehber
eva,application/x-eva
xla,application/x-excel
xlb,application/x-excel
xlc,application/x-excel
xld,application/x-excel
xlk,application/x-excel
xll,application/x-excel
xlm,application/x-excel
xls,application/x-excel
xlt,application/x-excel
xlv,application/x-excel
xlw,application/x-excel
flac,application/x-flac
pfa,application/x-font
pfb,application/x-font
gsf,application/x-font
pcf,application/x-font
pcf.Z,application/x-font
bdf,application/x-font-bdf
gsf,application/x-font-ghostscript
psf,application/x-font-linux-psf
otf,application/x-font-otf
pcf,application/x-font-pcf
snf,application/x-font-snf
ttf,application/x-font-ttf
ttc,application/x-font-ttf
pfa,application/x-font-type1
pfb,application/x-font-type1
pfm,application/x-font-type1
afm,application/x-font-type1
woff,application/x-font-woff
mif,application/x-frame
arc,application/x-freearc
pre,application/x-freelance
spl,application/x-futuresplash
gca,application/x-gca-compressed
ulx,application/x-glulx
gnumeric,application/x-gnumeric
sgf,application/x-go-sgf
gramps,application/x-gramps-xml
gcf,application/x-graphing-calculator
gsp,application/x-gsp
gss,application/x-gss
gtar,application/x-gtar
tgz,application/x-gtar
taz,application/x-gtar
gz,application/x-gzip
gzip,application/x-gzip
tgz,application/x-gzip
hdf,application/x-hdf
help,application/x-helpfile
hlp,application/x-helpfile
imap,application/x-httpd-imap
phtml,application/x-httpd-php
pht,application/x-httpd-php
php,application/x-httpd-php
phps,application/x-httpd-php-source
php3,application/x-httpd-php3
php3p,application/x-httpd-php3-preprocessed
php4,application/x-httpd-php4
ica,application/x-ica
ima,application/x-ima
install,application/x-install-instructions
ins,application/x-internet-signup
isp,application/x-internet-signup
ins,application/x-internett-signup
iv,application/x-inventor
ip,application/x-ip2
iii,application/x-iphone
iso,application/x-iso9660-image
jar,application/x-java-archive
class,application/x-java-class
jcm,application/x-java-commerce
jnlp,application/x-java-jnlp-file
ser,application/x-java-serialized-object
class,application/x-java-vm
js,application/x-javascript
chrt,application/x-kchart
kil,application/x-killustrator
skd,application/x-koan
skm,application/x-koan
skp,application/x-koan
skt,application/x-koan
kpr,application/x-kpresenter
kpt,application/x-kpresenter
ksh,application/x-ksh
ksp,application/x-kspread
kwd,application/x-kword
kwt,application/x-kword
latex,application/x-latex
ltx,application/x-latex
lha,application/x-lha
lsp,application/x-lisp
ivy,application/x-livescreen
wq1,application/x-lotus
scm,application/x-lotusscreencam
luac,application/x-lua-bytecode
lzh,application/x-lzh
lzh,application/x-lzh-compressed
lha,application/x-lzh-compressed
lzx,application/x-lzx
hqx,application/x-mac-binhex40
bin,application/x-macbinary
mc$,application/x-magic-cap-package-1.0
frm,application/x-maker
maker,application/x-maker
frame,application/x-maker
fm,application/x-maker
fb,application/x-maker
book,application/x-maker
fbdoc,application/x-maker
mcd,application/x-mathcad
mm,application/x-meme
mid,application/x-midi
midi,application/x-midi
mie,application/x-mie
mif,application/x-mif
nix,application/x-mix-transfer
prc,application/x-mobipocket-ebook
mobi,application/x-mobipocket-ebook
m3u8,application/x-mpegURL
asx,application/x-mplayer2
application,application/x-ms-application
lnk,application/x-ms-shortcut
wmd,application/x-ms-wmd
wmz,application/x-ms-wmz
xbap,application/x-ms-xbap
mdb,application/x-msaccess
obd,application/x-msbinder
crd,application/x-mscardfile
clp,application/x-msclip
com,application/x-msdos-program
exe,application/x-msdos-program
bat,application/x-msdos-program
dll,application/x-msdos-program
exe,application/x-msdownload
dll,application/x-msdownload
com,application/x-msdownload
bat,application/x-msdownload
msi,application/x-msdownload
xla,application/x-msexcel
xls,application/x-msexcel
xlw,application/x-msexcel
msi,application/x-msi
mvb,application/x-msmediaview
m13,application/x-msmediaview
m14,application/x-msmediaview
wmf,application/x-msmetafile
wmz,application/x-msmetafile
emf,application/x-msmetafile
emz,application/x-msmetafile
mny,application/x-msmoney
ppt,application/x-mspowerpoint
pub,application/x-mspublisher
scd,application/x-msschedule
trm,application/x-msterminal
wri,application/x-mswrite
ani,application/x-navi-animation
nvd,application/x-navidoc
map,application/x-navimap
stl,application/x-navistyle
nc,application/x-netcdf
cdf,application/x-netcdf
pkg,application/x-newton-compatible-pkg
aos,application/x-nokia-9000-communicator-add-on-software
pac,application/x-ns-proxy-autoconfig
nwc,application/x-nwc
nzb,application/x-nzb
o,application/x-object
omc,application/x-omc
omcd,application/x-omcdatamaker
omcr,application/x-omcregerator
oza,application/x-oz-application
pm4,application/x-pagemaker
pm5,application/x-pagemaker
pcl,application/x-pcl
pma,application/x-perfmon
pmc,application/x-perfmon
pml,application/x-perfmon
pmr,application/x-perfmon
pmw,application/x-perfmon
plx,application/x-pixclscript
p10,application/x-pkcs10
p12,application/x-pkcs12
pfx,application/x-pkcs12
p7b,application/x-pkcs7-certificates
spc,application/x-pkcs7-certificates
p7r,application/x-pkcs7-certreqresp
crl,application/x-pkcs7-crl
p7c,application/x-pkcs7-mime
p7m,application/x-pkcs7-mime
p7a,application/x-pkcs7-signature
p7s,application/x-pkcs7-signature
css,application/x-pointplus
pnm,application/x-portable-anymap
mpc,application/x-project
mpt,application/x-project
mpv,application/x-project
mpx,application/x-project
pyc,application/x-python-code
pyo,application/x-python-code
wb1,application/x-qpro
qtl,application/x-quicktimeplayer
rar,application/x-rar-compressed
rpm,application/x-redhat-package-manager
ris,application/x-research-info-systems
rpm,application/x-rpm
rtf,application/x-rtf
sdp,application/x-sdp
sea,application/x-sea
sl,application/x-seelogo
sh,application/x-sh
shar,application/x-shar
sh,application/x-shar
swf,application/x-shockwave-flash
swfl,application/x-shockwave-flash
xap,application/x-silverlight-app
sit,application/x-sit
spr,application/x-sprite
sprite,application/x-sprite
sql,application/x-sql
sit,application/x-stuffit
sitx,application/x-stuffitx
srt,application/x-subrip
sv4cpio,application/x-sv4cpio
sv4crc,application/x-sv4crc
t3,application/x-t3vm-image
gam,application/x-tads
tar,application/x-tar
sbk,application/x-tbook
tbk,application/x-tbook
tcl,application/x-tcl
tex,application/x-tex
gf,application/x-tex-gf
pk,application/x-tex-pk
tfm,application/x-tex-tfm
texinfo,application/x-texinfo
texi,application/x-texinfo
obj,application/x-tgif
~,application/x-trash
%,application/x-trash
bak,application/x-trash
old,application/x-trash
sik,application/x-trash
roff,application/x-troff
t,application/x-troff
tr,application/x-troff
man,application/x-troff-man
me,application/x-troff-me
ms,application/x-troff-ms
avi,application/x-troff-msvideo
ustar,application/x-ustar
vsd,application/x-visio
vst,application/x-visio
vsw,application/x-visio
mzz,application/x-vnd.audioexplosion.mzz
xpix,application/x-vnd.ls-xpix
vrml,application/x-vrml
src,application/x-wais-source
wsrc,application/x-wais-source
webapp,application/x-web-app-manifest+json
wz,application/x-wingz
hlp,application/x-winhelp
wtk,application/x-wintalk
svr,application/x-world
wrl,application/x-world
wpd,application/x-wpwin
wri,application/x-wri
der,application/x-x509-ca-cert
cer,application/x-x509-ca-cert
crt,application/x-x509-ca-cert
crt,application/x-x509-user-cert
xcf,application/x-xcf
fig,application/x-xfig
xlf,application/x-xliff+xml
xpi,application/x-xpinstall
xz,application/x-xz
zip,application/x-zip-compressed
z1,application/x-zmachine
z2,application/x-zmachine
z3,application/x-zmachine
z4,application/x-zmachine
z5,application/x-zmachine
z6,application/x-zmachine
z7,application/x-zmachine
z8,application/x-zmachine
xaml,application/xaml+xml
xdf,application/xcap-diff+xml
xenc,application/xenc+xml
xhtml,application/xhtml+xml
xht,application/xhtml+xml
xml,application/xml
xsl,application/xml
xpdl,application/xml
dtd,application/xml-dtd
xop,application/xop+xml
xpl,application/xproc+xml
xslt,application/xslt+xml
xspf,application/xspf+xml
mxml,application/xv+xml
xhvml,application/xv+xml
xvml,application/xv+xml
xvm,application/xv+xml
yang,application/yang
yin,application/yin+xml
pko,application/ynd.ms-pkipko
zip,application/zip
adp,audio/adpcm
aif,audio/aiff
aifc,audio/aiff
aiff,audio/aiff
au,audio/basic
snd,audio/basic
flac,audio/flac
it,audio/it
funk,audio/make
my,audio/make
pfunk,audio/make
pfunk,audio/make.my.funk
rmi,audio/mid
mid,audio/mid
mid,audio/midi
midi,audio/midi
kar,audio/midi
rmi,audio/midi
mod,audio/mod
mp4a,audio/mp4
m4a,audio/mp4
mpga,audio/mpeg
mp2,audio/mpeg
mp2a,audio/mpeg
mp3,audio/mpeg
m2a,audio/mpeg
mpa,audio/mpeg
mpg,audio/mpeg
m3a,audio/mpeg
mpega,audio/mpeg
m4a,audio/mpeg
mp3,audio/mpeg3
m3u,audio/mpegurl
la,audio/nspaudio
lma,audio/nspaudio
oga,audio/ogg
ogg,audio/ogg
spx,audio/ogg
sid,audio/prs.sid
s3m,audio/s3m
sil,audio/silk
tsi,audio/tsp-audio
tsp,audio/tsplayer
uva,audio/vnd.dece.audio
uvva,audio/vnd.dece.audio
eol,audio/vnd.digital-winds
dra,audio/vnd.dra
dts,audio/vnd.dts
dtshd,audio/vnd.dts.hd
lvp,audio/vnd.lucent.voice
pya,audio/vnd.ms-playready.media.pya
ecelp4800,audio/vnd.nuera.ecelp4800
ecelp7470,audio/vnd.nuera.ecelp7470
ecelp9600,audio/vnd.nuera.ecelp9600
qcp,audio/vnd.qcelp
rip,audio/vnd.rip
voc,audio/voc
vox,audio/voxware
wav,audio/wav
weba,audio/webm
aac,audio/x-aac
snd,audio/x-adpcm
aif,audio/x-aiff
aiff,audio/x-aiff
aifc,audio/x-aiff
au,audio/x-au
caf,audio/x-caf
flac,audio/x-flac
gsd,audio/x-gsm
gsm,audio/x-gsm
jam,audio/x-jam
lam,audio/x-liveaudio
mka,audio/x-matroska
mid,audio/x-mid
midi,audio/x-mid
mid,audio/x-midi
midi,audio/x-midi
mod,audio/x-mod
mp2,audio/x-mpeg
mp3,audio/x-mpeg-3
m3u,audio/x-mpegurl
m3u,audio/x-mpequrl
wax,audio/x-ms-wax
wma,audio/x-ms-wma
la,audio/x-nspaudio
lma,audio/x-nspaudio
ram,audio/x-pn-realaudio
ra,audio/x-pn-realaudio
rm,audio/x-pn-realaudio
rmm,audio/x-pn-realaudio
rmp,audio/x-pn-realaudio
rmp,audio/x-pn-realaudio-plugin
ra,audio/x-pn-realaudio-plugin
rpm,audio/x-pn-realaudio-plugin
sid,audio/x-psid
ra,audio/x-realaudio
pls,audio/x-scpls
sd2,audio/x-sd2
vqf,audio/x-twinvq
vqe,audio/x-twinvq-plugin
vql,audio/x-twinvq-plugin
mjf,audio/x-vnd.audioexplosion.mjuicemediafile
voc,audio/x-voc
wav,audio/x-wav
xm,audio/xm
cdx,chemical/x-cdx
cif,chemical/x-cif
cmdf,chemical/x-cmdf
cml,chemical/x-cml
csml,chemical/x-csml
pdb,chemical/x-pdb
xyz,chemical/x-pdb
xyz,chemical/x-xyz
dwf,drawing/x-dwf
dwf,drawing/x-dwf(old)
otf,font/opentype
ivr,i-world/i-vrml
bmp,image/bmp
bm,image/bmp
cgm,image/cgm
cod,image/cis-cod
ras,image/cmu-raster
rast,image/cmu-raster
fif,image/fif
flo,image/florian
turbot,image/florian
g3,image/g3fax
gif,image/gif
ief,image/ief
iefs,image/ief
jpeg,image/jpeg
jpg,image/jpeg
jfif,image/jpeg
jfif-tbnl,image/jpeg
jpe,image/jpeg
jut,image/jutvision
ktx,image/ktx
nap,image/naplps
naplps,image/naplps
pcx,image/pcx
pic,image/pict
pict,image/pict
jfif,image/pipeg
jfif,image/pjpeg
jpe,image/pjpeg
jpeg,image/pjpeg
jpg,image/pjpeg
png,image/png
x-png,image/png
btif,image/prs.btif
sgi,image/sgi
svg,image/svg+xml
svgz,image/svg+xml
tiff,image/tiff
tif,image/tiff
mcf,image/vasa
psd,image/vnd.adobe.photoshop
uvi,image/vnd.dece.graphic
uvvi,image/vnd.dece.graphic
uvg,image/vnd.dece.graphic
uvvg,image/vnd.dece.graphic
djvu,image/vnd.djvu
djv,image/vnd.djvu
sub,image/vnd.dvb.subtitle
dwg,image/vnd.dwg
dxf,image/vnd.dwg
svf,image/vnd.dwg
dxf,image/vnd.dxf
fbs,image/vnd.fastbidsheet
fpx,image/vnd.fpx
fpix,image/vnd.fpx
fst,image/vnd.fst
mmr,image/vnd.fujixerox.edmics-mmr
rlc,image/vnd.fujixerox.edmics-rlc
mdi,image/vnd.ms-modi
wdp,image/vnd.ms-photo
npx,image/vnd.net-fpx
fpx,image/vnd.net-fpx
rf,image/vnd.rn-realflash
rp,image/vnd.rn-realpix
wbmp,image/vnd.wap.wbmp
xif,image/vnd.xiff
webp,image/webp
3ds,image/x-3ds
ras,image/x-cmu-rast
ras,image/x-cmu-raster
cmx,image/x-cmx
cdr,image/x-coreldraw
pat,image/x-coreldrawpattern
cdt,image/x-coreldrawtemplate
cpt,image/x-corelphotopaint
dwg,image/x-dwg
dxf,image/x-dwg
svf,image/x-dwg
fh,image/x-freehand
fhc,image/x-freehand
fh4,image/x-freehand
fh5,image/x-freehand
fh7,image/x-freehand
ico,image/x-icon
art,image/x-jg
jng,image/x-jng
jps,image/x-jps
sid,image/x-mrsid-image
bmp,image/x-ms-bmp
nif,image/x-niff
niff,image/x-niff
pcx,image/x-pcx
psd,image/x-photoshop
pic,image/x-pict
pct,image/x-pict
pnm,image/x-portable-anymap
pbm,image/x-portable-bitmap
pgm,image/x-portable-graymap
pgm,image/x-portable-greymap
ppm,image/x-portable-pixmap
qif,image/x-quicktime
qti,image/x-quicktime
qtif,image/x-quicktime
rgb,image/x-rgb
tga,image/x-tga
tif,image/x-tiff
tiff,image/x-tiff
bmp,image/x-windows-bmp
xbm,image/x-xbitmap
xpm,image/x-xbitmap
xbm,image/x-xbm
xpm,image/x-xpixmap
pm,image/x-xpixmap
xwd,image/x-xwd
xwd,image/x-xwindowdump
xbm,image/xbm
xpm,image/xpm
eml,message/rfc822
mht,message/rfc822
mhtml,message/rfc822
mime,message/rfc822
nws,message/rfc822
igs,model/iges
iges,model/iges
msh,model/mesh
mesh,model/mesh
silo,model/mesh
dae,model/vnd.collada+xml
dwf,model/vnd.dwf
gdl,model/vnd.gdl
gtw,model/vnd.gtw
mts,model/vnd.mts
vtu,model/vnd.vtu
wrl,model/vrml
vrml,model/vrml
wrz,model/vrml
pov,model/x-pov
x3db,model/x3d+binary
x3dbz,model/x3d+binary
x3dv,model/x3d+vrml
x3dvz,model/x3d+vrml
x3d,model/x3d+xml
x3dz,model/x3d+xml
gzip,multipart/x-gzip
ustar,multipart/x-ustar
zip,multipart/x-zip
mid,music/crescendo
midi,music/crescendo
kar,music/x-karaoke
pvu,paleovu/x-pv
asp,text/asp
appcache,text/cache-manifest
manifest,text/cache-manifest
ics,text/calendar
ifb,text/calendar
icz,text/calendar
csv,text/comma-separated-values
css,text/css
csv,text/csv
js,text/ecmascript
event-stream,text/event-stream
323,text/h323
html,text/html
acgi,text/html
htm,text/html
htmls,text/html
htx,text/html
shtml,text/html
stm,text/html
uls,text/iuls
js,text/javascript
mml,text/mathml
mcf,text/mcf
n3,text/n3
pas,text/pascal
txt,text/plain
text,text/plain
conf,text/plain
def,text/plain
list,text/plain
log,text/plain
c,text/plain
c++,text/plain
cc,text/plain
com,text/plain
cxx,text/plain
f,text/plain
f90,text/plain
for,text/plain
g,text/plain
h,text/plain
hh,text/plain
idc,text/plain
jav,text/plain
java,text/plain
lst,text/plain
m,text/plain
mar,text/plain
pl,text/plain
sdml,text/plain
bas,text/plain
in,text/plain
asc,text/plain
diff,text/plain
pot,text/plain
el,text/plain
ksh,text/plain
par,text/plain-bas
dsc,text/prs.lines.tag
rtx,text/richtext
rt,text/richtext
rtf,text/richtext
rtf,text/rtf
wsc,text/scriplet
sct,text/scriptlet
wsc,text/scriptlet
sgml,text/sgml
sgm,text/sgml
tsv,text/tab-separated-values
tm,text/texmacs
ts,text/texmacs
t,text/troff
tr,text/troff
roff,text/troff
man,text/troff
me,text/troff
ms,text/troff
ttl,text/turtle
uri,text/uri-list
uris,text/uri-list
uni,text/uri-list
unis,text/uri-list
urls,text/uri-list
vcard,text/vcard
abc,text/vnd.abc
curl,text/vnd.curl
dcurl,text/vnd.curl.dcurl
mcurl,text/vnd.curl.mcurl
scurl,text/vnd.curl.scurl
sub,text/vnd.dvb.subtitle
fly,text/vnd.fly
flx,text/vnd.fmi.flexstor
gv,text/vnd.graphviz
3dml,text/vnd.in3d.3dml
spot,text/vnd.in3d.spot
rt,text/vnd.rn-realtext
jad,text/vnd.sun.j2me.app-descriptor
si,text/vnd.wap.si
sl,text/vnd.wap.sl
wml,text/vnd.wap.wml
wmls,text/vnd.wap.wmlscript
vtt,text/vtt
htt,text/webviewhtml
s,text/x-asm
asm,text/x-asm
aip,text/x-audiosoft-intra
c,text/x-c
cc,text/x-c
cxx,text/x-c
cpp,text/x-c
h,text/x-c
hh,text/x-c
dic,text/x-c
h++,text/x-c++hdr
hpp,text/x-c++hdr
hxx,text/x-c++hdr
hh,text/x-c++hdr
c++,text/x-c++src
cpp,text/x-c++src
cxx,text/x-c++src
cc,text/x-c++src
h,text/x-chdr
htc,text/x-component
csh,text/x-csh
c,text/x-csrc
f,text/x-fortran
for,text/x-fortran
f77,text/x-fortran
f90,text/x-fortran
h,text/x-h
hh,text/x-h
java,text/x-java
java,text/x-java-source
jav,text/x-java-source
lsx,text/x-la-asf
lua,text/x-lua
m,text/x-m
markdown,text/x-markdown
md,text/x-markdown
mkd,text/x-markdown
moc,text/x-moc
nfo,text/x-nfo
opml,text/x-opml
p,text/x-pascal
pas,text/x-pascal
gcd,text/x-pcs-gcd
pl,text/x-perl
pm,text/x-perl
py,text/x-python
hlb,text/x-script
csh,text/x-script.csh
el,text/x-script.elisp
scm,text/x-script.guile
ksh,text/x-script.ksh
lsp,text/x-script.lisp
pl,text/x-script.perl
pm,text/x-script.perl-module
py,text/x-script.phyton
rexx,text/x-script.rexx
scm,text/x-script.scheme
sh,text/x-script.sh
tcl,text/x-script.tcl
tcsh,text/x-script.tcsh
zsh,text/x-script.zsh
shtml,text/x-server-parsed-html
ssi,text/x-server-parsed-html
etx,text/x-setext
sfv,text/x-sfv
sgm,text/x-sgml
sgml,text/x-sgml
sh,text/x-sh
spc,text/x-speech
talk,text/x-speech
tcl,text/x-tcl
tk,text/x-tcl
tex,text/x-tex
ltx,text/x-tex
sty,text/x-tex
cls,text/x-tex
uil,text/x-uil
uu,text/x-uuencode
uue,text/x-uuencode
vcs,text/x-vcalendar
vcf,text/x-vcard
xml,text/xml
3gp,video/3gpp
3g2,video/3gpp2
ts,video/MP2T
afl,video/animaflex
avi,video/avi
avs,video/avs-video
dl,video/dl
flc,video/flc
fli,video/flc
flc,video/fli
fli,video/fli
gl,video/gl
h261,video/h261
h263,video/h263
h264,video/h264
jpgv,video/jpeg
jpm,video/jpm
jpgm,video/jpm
mj2,video/mj2
mjp2,video/mj2
mp4,video/mp4
mp4v,video/mp4
mpg4,video/mp4
mpeg,video/mpeg
mpg,video/mpeg
mpe,video/mpeg
m1v,video/mpeg
m2v,video/mpeg
mp2,video/mpeg
mp3,video/mpeg
mpa,video/mpeg
mpv2,video/mpeg
avi,video/msvideo
ogv,video/ogg
qt,video/quicktime
moov,video/quicktime
mov,video/quicktime
vdo,video/vdo
viv,video/vivo
vivo,video/vivo
uvh,video/vnd.dece.hd
uvvh,video/vnd.dece.hd
uvm,video/vnd.dece.mobile
uvvm,video/vnd.dece.mobile
uvp,video/vnd.dece.pd
uvvp,video/vnd.dece.pd
uvs,video/vnd.dece.sd
uvvs,video/vnd.dece.sd
uvv,video/vnd.dece.video
uvvv,video/vnd.dece.video
dvb,video/vnd.dvb.file
fvt,video/vnd.fvt
mxu,video/vnd.mpegurl
m4u,video/vnd.mpegurl
pyv,video/vnd.ms-playready.media.pyv
rv,video/vnd.rn-realvideo
uvu,video/vnd.uvvu.mp4
uvvu,video/vnd.uvvu.mp4
viv,video/vnd.vivo
vivo,video/vnd.vivo
vos,video/vosaic
webm,video/webm
xdr,video/x-amt-demorun
xsr,video/x-amt-showrun
fmf,video/x-atomic3d-feature
dl,video/x-dl
dif,video/x-dv
dv,video/x-dv
f4v,video/x-f4v
fli,video/x-fli
flv,video/x-flv
gl,video/x-gl
isu,video/x-isvideo
lsf,video/x-la-asf
lsx,video/x-la-asf
m4v,video/x-m4v
mkv,video/x-matroska
mk3d,video/x-matroska
mks,video/x-matroska
mng,video/x-mng
mjpg,video/x-motion-jpeg
mp2,video/x-mpeg
mp3,video/x-mpeg
mp2,video/x-mpeq2a
asf,video/x-ms-asf
asx,video/x-ms-asf
asr,video/x-ms-asf
asx,video/x-ms-asf-plugin
vob,video/x-ms-vob
wm,video/x-ms-wm
wmv,video/x-ms-wmv
wmx,video/x-ms-wmx
wvx,video/x-ms-wvx
avi,video/x-msvideo
qtc,video/x-qtc
scm,video/x-scm
movie,video/x-sgi-movie
mv,video/x-sgi-movie
smv,video/x-smv
wmf,windows/metafile
mime,www/mime
ice,x-conference/x-cooltalk
mid,x-music/x-midi
midi,x-music/x-midi
3dm,x-world/x-3dmf
3dmf,x-world/x-3dmf
qd3,x-world/x-3dmf
qd3d,x-world/x-3dmf
svr,x-world/x-svr
vrml,x-world/x-vrml
wrl,x-world/x-vrml
wrz,x-world/x-vrml
flr,x-world/x-vrml
xaf,x-world/x-vrml
xof,x-world/x-vrml
vrm,x-world/x-vrml
vrt,x-world/x-vrt
xgz,xgl/drawing
xmz,xgl/movie
ma nb mb,application/mathematica
doc dot,application/msword
bin dms lha lrf lzh so iso dmg dist distz pkg bpk dump elc deploy,application/octet-stream
onetoc onetoc2 onetmp onepkg,application/onenote
asc sig,application/pgp-signature
p7m p7c,application/pkcs7-mime
ai eps ps,application/postscript
smi smil,application/smil+xml
atc acutc,application/vnd.acucorp
c4g c4d c4f c4p c4u,application/vnd.clonk.c4group
es3 et3,application/vnd.eszigno3+xml
seed dataless,application/vnd.fdsn.seed
fm frame maker book,application/vnd.framemaker
gex gre,application/vnd.geometry-explorer
gqf gqs,application/vnd.grafeq
afp listafp list3820,application/vnd.ibm.modcap
icc icm,application/vnd.iccprofile
xpw xpx,application/vnd.intercon.formnet
ktz ktr,application/vnd.kahootz
kpr kpt,application/vnd.kde.kpresenter
kwd kwt,application/vnd.kde.kword
kne knp,application/vnd.kinar
skp skd skt skm,application/vnd.koan
xls xlm xla xlc xlt xlw,application/vnd.ms-excel
ppt pps pot,application/vnd.ms-powerpoint
mpp mpt,application/vnd.ms-project
wps wks wcm wdb,application/vnd.ms-works
pdb pqa oprc,application/vnd.palm
qxd qxt qwd qwt qxl qxb,application/vnd.quark.quarkxpress
twd twds,application/vnd.simtech-mindmapper
sdkm sdkd,application/vnd.solent.sdkm+xml
sus susp,application/vnd.sus-calendar
sis sisx,application/vnd.symbian.install
ufd ufdl,application/vnd.ufdl
vsd vst vss vsw,application/vnd.visio
zir zirz,application/vnd.zul
aab x32 u32 vox,application/x-authorware-bin
bz2 boz,application/x-bzip2
deb udeb,application/x-debian-package
dir dcr dxr cst cct cxt w3d fgd swa,application/x-director
ttf ttc,application/x-font-ttf
pfa pfb pfm afm,application/x-font-type1
prc mobi,application/x-mobipocket-ebook
exe dll com bat msi,application/x-msdownload
mvb m13 m14,application/x-msmediaview
nc cdf,application/x-netcdf
p12 pfx,application/x-pkcs12
p7b spc,application/x-pkcs7-certificates
texinfo texi,application/x-texinfo
der crt,application/x-x509-ca-cert
xhtml xht,application/xhtml+xml
xml xsl,application/xml
mxml xhvml xvml xvm,application/xv+xml
au snd,audio/basic
mid midi kar rmi,audio/midi
mpga mp2 mp2a mp3 m2a m3a,audio/mpeg
oga ogg spx,audio/ogg
aif aiff aifc,audio/x-aiff
ram ra,audio/x-pn-realaudio
jpeg jpg jpe,image/jpeg
svg svgz,image/svg+xml
tiff tif,image/tiff
djvu djv,image/vnd.djvu
fh fhc fh4 fh5 fh7,image/x-freehand
pic pct,image/x-pict
eml mime,message/rfc822
igs iges,model/iges
msh mesh silo,model/mesh
wrl vrml,model/vrml
ics ifb,text/calendar
html htm,text/html
txt text conf def list log in,text/plain
sgml sgm,text/sgml
t tr roff man me ms,text/troff
uri uris urls,text/uri-list
s asm,text/x-asm
c cc cxx cpp h hh dic,text/x-c
f for f77 f90,text/x-fortran
p pas,text/x-pascal
jpm jpgm,video/jpm
mj2 mjp2,video/mj2
mp4 mp4v mpg4,video/mp4
mpeg mpg mpe m1v m2v,video/mpeg
qt mov,video/quicktime
mxu m4u,video/vnd.mpegurl
asf asx,video/x-ms-asf
